employee_id,first_name,last_name,salary,hire_date,department_id,department,residence_city,age,job_level
1,Jessika,Hulcoop,127518.76,9/16/2010,5,IT,Babushkin,44,Mid Level
2,Donni,Alps,100688.92,12/5/2020,3,Marketing,Ukmerge,26,Executive
3,Pat,Frick,96735.41,3/14/2001,2,IT,Kiruru,42,Entry Level
4,Raddie,Gostick,149368.4,11/16/2017,1,IT,São Félix do Xingu,46,Entry Level
5,Sidonnie,Oganesian,90661.82,11/5/2010,1,Finance,Bayt Liqyā,41,Entry Level
6,Burnard,Roote,104105.49,8/9/2020,2,Marketing,Weishanzhuang,40,Executive
7,Stanley,Jennens,116501.5,6/29/2007,4,IT,Taznakht,37,Executive
8,Bunnie,Dorricott,123178.12,1/24/2021,5,Sales,Sharkawshchyna,42,Entry Level
9,Izak,Burwin,31391.41,7/3/2011,3,Marketing,Nkoteng,31,Mid Level
10,Barton,Leguey,70522.72,6/18/2017,1,IT,Yanzhao,33,Executive
11,Steffie,McGriffin,146263.03,2/19/2000,2,IT,Longtou,42,Senior Level
12,Thom,Adair,81298.54,9/8/2008,2,Marketing,Nanxi,60,Mid Level
13,Sarge,Janous,86229.45,8/2/2018,1,HR,Dajianchang,19,Senior Level
14,Antone,Foster,111883.44,1/11/2014,4,IT,Sabanalarga,26,Executive
15,Nefen,Slay,32183.72,2/8/2020,3,Finance,Longtou,22,Executive
16,Fielding,Harber,104687.38,11/17/2012,1,Finance,Ambanja,38,Entry Level
17,Starr,Gilstoun,136411.58,12/2/2020,3,Finance,Groznyy,24,Senior Level
18,Cliff,Hurleston,28784.95,6/7/2003,2,HR,Francisco I Madero,58,Executive
19,Skipper,Minty,101675.48,10/11/2003,2,IT,Chajarí,41,Mid Level
20,Melantha,Swaffer,61805.45,4/20/2018,5,Finance,Mozi,35,Senior Level
21,Bernardina,Cobbing,98095.94,5/1/2000,4,Sales,Riit,18,Senior Level
22,Rosita,Conradsen,146212.24,6/10/2000,3,HR,Pa Tio,32,Mid Level
23,Susann,O'Carroll,131494.25,10/17/2007,4,HR,Itabaiana,23,Senior Level
24,Zena,Toby,54017.02,8/23/2004,2,HR,Fontenay-sous-Bois,29,Mid Level
25,Luke,Litherland,130818.3,4/5/2006,5,Marketing,Gengqing,60,Mid Level
26,Concordia,Tugman,149564.12,6/12/2014,4,Marketing,El Adelanto,21,Mid Level
27,Free,Atterley,88679.62,7/13/2004,4,Marketing,Smolenka,30,Entry Level
28,Letizia,Oxenbury,86936.69,6/1/2021,3,Finance,Izhmorskiy,50,Entry Level
29,Nicole,Pigne,132326.08,6/30/2012,2,Finance,Atafu Village,19,Entry Level
30,Petrina,Sandercock,107737.3,10/22/2005,1,Sales,Zongzhai,44,Executive
31,Merridie,Leathers,73745.03,6/15/2004,1,Sales,Sefrou,46,Senior Level
32,Brent,Brokenshaw,79638.58,8/26/2001,5,HR,Da’an,56,Senior Level
33,Jammie,Laimable,55307.31,11/10/2008,4,IT,Dijon,19,Mid Level
34,Walton,Scherme,56336.68,3/1/2005,5,Sales,Centenario,39,Executive
35,Basile,Calway,144556.07,3/29/2015,2,HR,Mathakola,39,Mid Level
36,Tiphany,Dincke,37165.54,11/16/2017,3,HR,Estoi,41,Mid Level
37,Shamus,Tynnan,97994.51,3/11/2010,5,Finance,Santo Tomas,48,Entry Level
38,Farlee,Kerr,93993.31,12/16/2020,3,Finance,Cisownica,60,Senior Level
39,Loydie,Lyles,60210.33,11/10/2009,1,Sales,Kabare,51,Executive
40,Anni,Chaunce,84915.88,4/2/2013,3,Sales,Libacao,49,Mid Level
41,Pooh,De Blase,74721.32,11/25/2017,2,Sales,Xuebu,20,Entry Level
42,Natka,Fawckner,138746.81,9/20/2022,3,Finance,Port Nolloth,46,Mid Level
43,Shaughn,Jakolevitch,55651.83,3/25/2001,2,Marketing,Charlottenberg,28,Mid Level
44,Jacquelin,Attock,93947.49,1/28/2011,4,Marketing,San Antonio Suchitepéquez,54,Executive
45,Kaine,Porteous,108073.57,2/28/2009,2,HR,Barueri,19,Entry Level
46,Dasi,Tatersale,52427.18,3/5/2001,4,Marketing,Qo’ng’irot Shahri,30,Executive
47,Tandy,Benedidick,149020.19,9/20/2017,4,Finance,Cerro Blanco,49,Entry Level
48,Trish,Saggs,35295.34,4/10/2010,1,Sales,Pskov,36,Mid Level
49,Etti,Sturge,58219.35,4/26/2001,3,Finance,San Juan Bautista,46,Mid Level
50,Cornelia,Scarse,72365.88,2/3/2014,3,Marketing,Gouveia,24,Executive
51,Grant,Honisch,47588.55,12/5/2011,3,Marketing,Jinan,45,Executive
52,Joanna,Rupke,32350.66,2/8/2007,1,Sales,Bayanbaogede,50,Executive
53,Ogdon,Darte,33611.17,12/11/2020,2,Marketing,Salinas,23,Executive
54,Evey,McKenzie,50009.67,3/25/2018,5,HR,Longcheng,55,Senior Level
55,Minette,Whear,38702.54,5/18/2011,4,Sales,Makata,41,Executive
56,Marcelline,Jacketts,27099.94,8/11/2001,5,IT,Juntas,27,Executive
57,Lisa,Rushmer,50343.57,10/24/2015,1,IT,Kaliterus,44,Mid Level
58,Clair,Chittem,51788.51,10/25/2013,4,Marketing,Anjō,36,Senior Level
59,Katharina,Back,102502.13,8/19/2013,3,HR,Korop,37,Mid Level
60,Gwynne,Keepe,145652.04,3/16/2012,4,HR,Bhola,42,Mid Level
61,Hilde,Tzarkov,122082.32,2/24/2000,2,Finance,Oxbow,27,Senior Level
62,Kerk,Shivell,77616.89,5/4/2006,3,IT,Jintan,56,Senior Level
63,Kellie,Troyes,109038.01,3/10/2011,3,IT,Koltubanovskiy,30,Mid Level
64,Thaddeus,Stegel,146483.52,7/28/2022,4,Sales,Povorino,39,Entry Level
65,Kayla,Evequot,135243.0,6/20/2011,5,Finance,Jiangqiao,25,Executive
66,Tamara,Romayn,117449.32,6/6/2022,4,Finance,Maodao,22,Entry Level
67,Ailene,Fawke,129934.99,3/24/2008,5,Finance,Turku,28,Senior Level
68,Clevie,Ruddick,130736.86,9/14/2002,3,Finance,Huangbao,51,Executive
69,Hildegaard,Crookshanks,27033.33,7/9/2018,5,HR,Arkalyk,59,Executive
70,Flinn,Swainston,75834.06,8/29/2010,1,Marketing,Paris 07,41,Mid Level
71,Faber,Barajas,37008.35,3/15/2018,4,Sales,Gargaliánoi,43,Executive
72,Erny,Drewet,140024.79,7/26/2012,5,Marketing,Krajan Bejagung,55,Senior Level
73,Germaine,Jaggi,109231.7,2/16/2017,4,HR,Saboyá,42,Executive
74,Karina,Grabeham,108995.64,1/8/2011,1,Sales,Muzi,46,Executive
75,Chrissie,Layus,27400.88,1/6/2000,3,HR,Nyköping,39,Entry Level
76,Rochell,Breslin,78467.66,11/22/2013,4,Sales,Gamawa,52,Mid Level
77,Flossy,Sprigging,30552.67,9/17/2013,2,Sales,Lubukalung,42,Entry Level
78,Isaac,Ackwood,72136.88,8/21/2005,4,Sales,Lijiazui,23,Executive
79,Filberto,Gristhwaite,65014.58,4/12/2019,4,Marketing,Santa Cruz de Barahona,31,Entry Level
80,Karleen,Blunn,39686.64,12/19/2000,1,IT,Sidoger Lebak,58,Senior Level
81,Hedwig,Hedge,118467.17,6/20/2012,1,HR,Okahandja,31,Entry Level
82,Bartram,Piens,125415.11,10/13/2017,3,Marketing,Parakanbeusi,40,Entry Level
83,Nissa,Dosedale,103540.47,11/13/2019,3,Sales,Pogwizdów,59,Executive
84,Gregoor,O'Caine,65956.56,3/30/2008,4,Marketing,Višňové,30,Mid Level
85,Kerianne,Mapp,31686.81,1/29/2021,4,Marketing,Cincinnati,40,Executive
86,Royce,Mort,63105.58,9/16/2005,3,HR,Bobrowice,43,Executive
87,Keelia,Fretter,101855.8,10/27/2012,2,Marketing,Loyew,26,Executive
88,Winston,Barendtsen,44220.5,2/4/2008,4,IT,Shuitianzhuang,49,Entry Level
89,Angela,De la Yglesias,87473.18,8/5/2015,3,Finance,Nové Sedlo,42,Executive
90,Clare,O'Caine,116980.69,5/23/2002,4,HR,Sovetskoye,42,Senior Level
91,Minna,Thistleton,86061.29,9/6/2016,5,Sales,Sumberjo,38,Mid Level
92,Patrica,Ahlin,29700.47,12/25/2022,2,Sales,Sanxi,59,Mid Level
93,Shantee,De Ortega,129560.87,3/8/2004,3,HR,Tarragona,33,Senior Level
94,Tobi,Pepis,143848.35,6/3/2012,1,IT,Cabeço,52,Entry Level
95,Marni,Tomashov,103385.53,1/13/2013,1,Marketing,Barda,53,Senior Level
96,Hanni,Tooting,110127.19,6/1/2022,1,Sales,Qingban,31,Entry Level
97,Shurlocke,Vallery,21413.9,9/2/2014,5,IT,Huangbei,40,Entry Level
98,Inger,Briscam,145831.59,6/29/2003,4,IT,Warungsugan,32,Entry Level
99,Giffer,Tilly,52060.22,4/18/2011,1,HR,Vaudreuil-Dorion,20,Senior Level
100,Vassili,Sedgemore,42935.81,8/4/2005,2,HR,Jiuhua,46,Executive
101,Corie,Rideout,124728.48,2/4/2005,1,Finance,Venezia,40,Senior Level
102,Devondra,Canto,120728.28,2/21/2015,2,Sales,Masina,20,Entry Level
103,Jacquetta,Wedlock,83697.8,3/19/2005,5,Finance,Perstorp,20,Executive
104,Jennine,Gorringe,67625.38,8/7/2016,3,HR,Monteiro,53,Senior Level
105,Darlene,Haydney,21898.71,10/4/2003,1,Sales,Aoshi,35,Senior Level
106,Wandis,Gowdy,32840.88,7/28/2008,1,Finance,Rouen,41,Executive
107,Jandy,Lovelace,41717.02,12/14/2016,2,IT,Bantog,27,Entry Level
108,Fayette,Benedettini,35842.73,12/24/2006,2,HR,Ketapang,30,Mid Level
109,Terrie,Bousquet,34328.89,7/7/2005,3,Marketing,Varpaisjärvi,32,Mid Level
110,Dalila,Curman,90326.64,6/14/2000,5,Marketing,Kalembutillu,32,Entry Level
111,Tucky,Saph,41906.08,8/31/2008,1,Sales,Tha Luang,48,Entry Level
112,Malynda,Carr,90503.28,6/3/2018,2,HR,Strašice,25,Executive
113,Dosi,Merkel,70185.77,8/9/2000,4,HR,Ekerö,50,Mid Level
114,Mariana,Guidetti,131276.41,7/16/2004,5,Finance,Meniko,56,Entry Level
115,Donelle,Mozzini,73343.26,5/3/2014,1,Sales,Jianjiang,47,Mid Level
116,Pier,Hallet,144712.42,3/28/2022,4,Marketing,Tobias Barreto,32,Entry Level
117,Fleur,Gianotti,120429.62,4/16/2017,5,Marketing,Pembuanghulu,24,Executive
118,Wang,Buzine,98137.51,6/19/2008,4,IT,Firavitoba,31,Senior Level
119,Silva,Renfield,128334.35,1/20/2019,3,HR,Novotroitsk,56,Executive
120,Edsel,Beacon,20820.09,4/12/2007,1,Marketing,Oliveiras,24,Senior Level
121,Yolande,Mawtus,20910.86,7/25/2007,3,Finance,Huayuan,21,Mid Level
122,Elroy,Dellit,58471.88,1/14/2011,2,HR,"Coruña, A",50,Senior Level
123,Jordan,Kuhnert,36607.8,4/23/2019,3,Finance,Tocota,26,Executive
124,Dannel,Esbrook,35833.86,10/16/2009,3,HR,Huandiqiao,43,Executive
125,Lefty,Zannotelli,43939.94,3/11/2017,3,HR,Temblador,40,Mid Level
126,Freddy,Wheelan,95677.74,2/6/2006,1,HR,Galūgāh,44,Entry Level
127,Clerkclaude,Hasley,42351.18,4/10/2019,3,HR,Goléré,28,Mid Level
128,Giana,Aysik,87201.61,2/13/2019,4,Finance,Liliana,47,Executive
129,Sally,Shankster,144598.65,9/30/2002,5,HR,Świętajno,20,Executive
130,Nan,Tivolier,54819.58,5/2/2019,4,Sales,Puerto La Cruz,34,Mid Level
131,Massimiliano,Salerg,34916.78,7/19/2001,4,IT,Steinkjer,59,Mid Level
132,Rita,Tuckwell,89961.9,12/26/2004,4,IT,Yangmaogong,49,Senior Level
133,Lelia,Ranson,41831.15,4/29/2009,1,Sales,Logroño,30,Executive
134,Tildy,Harken,107563.6,1/11/2002,2,IT,Torres Vedras,47,Executive
135,Nancie,Zisneros,57392.4,11/13/2017,2,HR,Serawai,36,Mid Level
136,Marrissa,Mellings,134145.92,11/5/2019,3,Finance,Phra Phutthabat,32,Executive
137,Shelden,Vesco,89220.92,2/17/2021,3,Marketing,Khanino,53,Entry Level
138,Raynor,Ballchin,148829.35,2/5/2007,4,HR,Jieshui,56,Executive
139,Becca,Klimko,86418.5,1/25/2001,5,HR,Bromma,20,Senior Level
140,Corty,Gabbatt,119827.0,10/18/2014,4,Finance,Johanneshov,45,Mid Level
141,Trudie,Isherwood,23390.54,4/3/2018,5,Sales,Verkhniy Lomov,43,Executive
142,Ramona,Gwatkins,124949.88,1/9/2013,4,Sales,Göteborg,32,Executive
143,Lisbeth,Petegre,149477.8,7/14/2005,1,Finance,Tanza,25,Entry Level
144,Alysia,Tice,20955.65,6/12/2021,1,Finance,Kurye,48,Executive
145,Barth,Lardeur,52752.85,5/22/2004,2,Sales,Al Jubayhah,46,Senior Level
146,Torey,Rozenbaum,49492.11,11/18/2009,3,IT,Juarez,38,Mid Level
147,Eugen,Simond,136412.59,11/24/2014,1,HR,Ḩalabjah,45,Executive
148,Mitchael,Welband,112188.13,9/1/2004,1,IT,Myaydo,36,Entry Level
149,Northrup,Mulrean,120617.65,11/15/2012,3,IT,Guyancourt,54,Entry Level
150,Mirabella,Kindley,33741.72,5/5/2016,5,IT,Olofström,56,Executive
151,Trueman,Ingold,76157.84,12/30/2012,4,Marketing,Tlogotunggal,18,Entry Level
152,Ayn,Bowton,36281.7,1/16/2019,1,IT,Simajia,31,Entry Level
153,Ezechiel,McSkin,92165.15,2/29/2012,3,Marketing,Carreira,31,Mid Level
154,Lexi,Irvin,134031.43,9/20/2020,1,HR,Xiangshan,48,Entry Level
155,Arliene,Castanos,76052.75,8/8/2019,4,Sales,North Saanich,18,Executive
156,Constancy,Faas,94233.8,12/17/2002,5,Finance,Rączna,35,Senior Level
157,Catha,Llewelly,64918.94,10/28/2004,1,Sales,Peabiru,43,Executive
158,Pascal,Petyanin,35467.98,9/29/2001,4,HR,Jiangcun,38,Mid Level
159,Basilio,Cansdale,60092.02,1/31/2020,3,IT,Baume-les-Dames,35,Executive
160,Nananne,Merwood,131280.08,12/30/2013,1,Finance,Detroit,47,Mid Level
161,Cos,Blanket,39276.96,4/28/2018,2,HR,Rafael Perazza,44,Senior Level
162,Rita,Mathou,71760.21,3/30/2022,1,Sales,Garland,50,Entry Level
163,Robyn,Sail,76155.98,1/30/2013,5,Finance,Ottawa,20,Senior Level
164,Sherri,Humpatch,78216.82,2/18/2002,2,HR,Sanjian,33,Senior Level
165,Barron,Dalgetty,86329.16,10/3/2007,3,Finance,Sanshui,42,Executive
166,Freemon,Ceaplen,43128.91,11/18/2004,5,IT,Kogota,57,Mid Level
167,Milena,Vasilevich,31491.57,3/28/2006,2,HR,Stockholm,19,Executive
168,Gery,Di Giacomettino,131390.0,7/26/2013,3,Marketing,General Conesa,52,Senior Level
169,Morley,Penni,115209.51,8/17/2021,3,Marketing,Weitang,41,Executive
170,Lesley,Beaglehole,121086.5,6/10/2020,3,Finance,Ceadîr-Lunga,47,Executive
171,Giffard,MacIntosh,38719.88,9/29/2018,5,Sales,Paderne,36,Entry Level
172,Iormina,Donativo,58430.97,2/11/2009,3,Sales,Karachi,54,Senior Level
173,Alfi,Crouch,57726.1,7/29/2008,2,IT,Verkhnya Rozhanka,49,Executive
174,James,Allkins,47840.37,9/14/2019,1,Marketing,Meilin,32,Entry Level
175,Calhoun,Anthoine,30516.7,9/15/2001,1,Finance,Évora,46,Mid Level
176,Mahmud,MacPherson,80296.16,9/4/2014,2,IT,Villeneuve-d'Ascq,26,Mid Level
177,Germana,Tellett,65729.75,4/9/2013,2,Marketing,Paradise,20,Senior Level
178,Simona,Stabbins,119912.66,9/3/2017,4,HR,Giado,22,Entry Level
179,Zonda,Brenard,121351.16,1/21/2015,1,HR,Cuauhtemoc,28,Mid Level
180,Marta,Pyzer,86242.33,11/6/2009,5,HR,Bélabo,43,Executive
181,Heather,Trotter,35215.22,3/3/2000,4,Sales,Kabongan Kidul,25,Senior Level
182,Garvin,Kindall,56584.6,10/25/2022,2,IT,Camacupa,41,Entry Level
183,Cynthy,Vise,121199.29,4/24/2001,2,Sales,Honglan,21,Mid Level
184,Lenee,Astle,40371.76,1/24/2019,2,IT,Gongdanglegi Kulon,22,Entry Level
185,Val,Perrett,79280.51,3/27/2015,4,Marketing,Jetis,37,Senior Level
186,Chevalier,Tremble,129624.26,6/14/2016,3,Sales,Sulop,52,Senior Level
187,Hugues,Leggs,109383.74,6/29/2003,4,HR,Moulay Bouchta,48,Entry Level
188,Dru,Addington,51366.15,8/29/2018,3,Sales,Opaka,51,Senior Level
189,Kellen,Whyke,131052.88,8/31/2010,1,Finance,Dongji,25,Entry Level
190,Adelaida,Lonergan,64092.47,3/14/2002,3,IT,Borås,46,Senior Level
191,Batsheva,Booth-Jarvis,113294.75,8/3/2021,4,HR,Fasito‘outa,40,Mid Level
192,Emory,Berndt,54671.9,9/8/2021,5,Finance,Sukhirin,28,Mid Level
193,Julia,Skrines,103658.65,5/6/2011,3,IT,Sydney,50,Mid Level
194,Hamel,Thor,71187.79,11/10/2020,4,Sales,Aguitu,43,Entry Level
195,Yettie,Kinnard,39368.18,2/4/2012,1,Finance,Tagnanan,29,Entry Level
196,Sidonnie,Foxwell,126214.44,8/18/2004,1,Sales,Birātnagar,42,Mid Level
197,Beatriz,Dedam,87838.55,9/23/2001,5,Finance,Paoua,56,Mid Level
198,Norton,Hefferan,129618.22,4/27/2000,5,IT,Dedza,28,Executive
199,Mateo,Brabben,119009.2,2/26/2017,3,IT,Kurzętnik,21,Executive
200,Fifine,Schulkins,117307.5,7/30/2012,4,Sales,Lusk,35,Senior Level
201,Olly,Ferrea,51113.93,5/11/2000,2,Finance,Gaborone,50,Entry Level
202,Steward,Mixer,28468.17,1/8/2014,4,Finance,Gunungtua,18,Entry Level
203,Tadeo,Tidey,101736.63,6/30/2008,5,Finance,Jihui,58,Mid Level
204,Jacinda,Crighten,76312.45,2/9/2015,5,IT,Oral,42,Senior Level
205,Ferdinande,Endricci,106164.22,3/29/2016,4,IT,Tsaghkaber,36,Mid Level
206,Kamillah,Vagg,123806.37,11/18/2006,2,Finance,Waru,33,Entry Level
207,Sol,Schenfisch,71055.56,4/12/2003,3,Marketing,George Town,56,Mid Level
208,Pietrek,Deas,142472.58,4/17/2014,4,Finance,San Francisco,32,Mid Level
209,Ewell,Cristoferi,70265.74,6/2/2006,2,Marketing,Finzes,39,Senior Level
210,Alyce,Vesque,106338.11,2/10/2012,4,Marketing,Kubang,18,Senior Level
211,Annis,Hebden,73414.89,8/27/2004,4,Marketing,Yinhedahan’er,59,Entry Level
212,Jessalin,Di Biagio,91484.77,9/28/2001,1,Marketing,Mandiana,51,Mid Level
213,Waiter,Cops,85304.75,11/20/2022,3,Marketing,Tianmuhu,25,Executive
214,Maure,Giacobazzi,91595.93,9/11/2010,3,Marketing,Fare,57,Senior Level
215,Neel,Wittman,89722.83,7/23/2006,4,Marketing,Fengli,46,Mid Level
216,Leonore,Ditts,118627.38,3/11/2016,4,Finance,Pepe,47,Senior Level
217,Quincy,Styche,121292.7,4/3/2007,2,Sales,Zhuping,59,Senior Level
218,Shani,Jasiak,73981.12,8/16/2019,4,IT,Saint-Denis,43,Senior Level
219,Myrna,Tedman,125387.03,6/25/2014,5,Finance,Longshi,32,Executive
220,Anton,Croxton,106909.7,7/14/2004,5,Sales,Dabachang,57,Mid Level
221,Belle,Hobson,149390.53,9/21/2008,3,Sales,Vale de Touros,52,Senior Level
222,Dona,Goady,44308.3,11/30/2005,3,Finance,Kemlya,28,Senior Level
223,Rickie,Ainley,38002.51,1/18/2012,1,Sales,Longtian,51,Senior Level
224,Emmott,Raspison,113705.76,7/24/2017,2,IT,Chengxi,24,Mid Level
225,Osbourne,Mallabone,49751.24,4/6/2006,2,Finance,Hepingyizu,44,Executive
226,Jere,Tremain,143668.16,9/10/2006,2,Finance,Unión de Reyes,21,Mid Level
227,Ilyssa,Tockell,47162.22,10/4/2010,1,Finance,‘Ayn Ḩalāqīm,25,Mid Level
228,Colline,McGeachy,53794.26,5/14/2006,4,Marketing,Ōhara,55,Mid Level
229,Donella,Britney,103305.91,1/7/2021,2,Finance,Catumbela,54,Executive
230,Sandy,Mullaney,26130.53,6/22/2007,1,Sales,Puncaksari,43,Mid Level
231,Tome,Van Der Vlies,79996.33,12/28/2011,3,Sales,Vishnyakovskiye Dachi,34,Executive
232,Maureen,Tour,34340.86,9/2/2019,3,HR,Mariestad,38,Executive
233,Lynde,Ten Broek,50136.94,4/8/2019,3,Sales,Shazhouba,33,Mid Level
234,Alvina,Jursch,38277.55,9/20/2015,5,IT,Numazu,39,Mid Level
235,Pammy,Fealey,58580.21,9/21/2000,1,IT,Zhanqian,46,Executive
236,Ailyn,Hayman,64905.87,7/9/2009,2,Sales,Fatufeto,59,Senior Level
237,Odele,Addinall,88738.06,3/13/2004,3,HR,Główczyce,34,Senior Level
238,Junina,Floyed,50917.06,3/10/2015,3,Marketing,Groblersdal,40,Mid Level
239,Luciano,Realy,68587.99,9/20/2000,4,IT,Debre Werk’,54,Entry Level
240,Puff,Tyrrell,134927.06,12/8/2006,4,Marketing,Baborów,34,Senior Level
241,Andreas,Ferrand,105662.46,8/11/2014,2,HR,N'Djamena,54,Mid Level
242,Jamima,Ducket,127977.19,10/26/2007,3,Sales,Al Jumūm,18,Mid Level
243,Arabele,Hubbard,104278.02,3/28/2011,3,Marketing,Thames,36,Executive
244,Emmie,Milburne,54168.99,2/14/2009,1,HR,Villeurbanne,27,Entry Level
245,Morena,Collison,49723.29,1/1/2006,2,Marketing,Cabinda,45,Mid Level
246,Allistir,Kezor,88963.71,5/16/2012,2,Sales,Hulu,39,Entry Level
247,Fidole,Bellows,112193.24,2/2/2018,2,IT,"Las Vegas, Santa Barbara",43,Entry Level
248,Mitch,Rycroft,133208.92,12/26/2005,1,Finance,Fundación,48,Executive
249,Dannye,Cultcheth,145556.08,10/17/2001,3,HR,Dundbürd,27,Mid Level
250,Ede,Manach,70258.15,11/11/2006,5,IT,Douala,41,Entry Level
251,Gabey,Gallimore,53507.83,6/29/2016,2,Marketing,Ḏânan,42,Senior Level
252,Blair,Robens,87743.61,2/24/2018,1,HR,Xin’an,37,Executive
253,Nariko,Cantle,63241.31,7/6/2005,1,HR,Orleans,55,Mid Level
254,Barton,Ballsdon,68204.12,3/19/2018,2,IT,Jatinagara Kulon,46,Entry Level
255,Warren,Hallt,138099.29,3/5/2012,4,HR,New Hyde Park,39,Mid Level
256,Evelyn,Seatter,130566.83,11/10/2002,3,HR,Kolyubakino,49,Senior Level
257,Humfried,Van,85057.92,1/12/2012,1,Finance,Bykivka,48,Mid Level
258,Devondra,Baddam,107934.82,12/2/2003,2,IT,Lunang,44,Entry Level
259,Diego,McIllroy,133527.58,11/5/2017,3,Finance,Chervonoarmiys’k,42,Mid Level
260,Rosana,Scammonden,33750.84,7/23/2010,1,Sales,Timrat,33,Executive
261,Thorpe,Lowmass,134046.89,10/4/2013,4,Finance,Ngurensiti,40,Entry Level
262,Ruperta,Giacoppoli,29978.26,12/5/2004,5,Marketing,Tolú,44,Senior Level
263,Elbert,Dicky,149026.8,7/1/2003,2,Sales,Zamora,48,Mid Level
264,Christalle,Tuckett,84087.89,6/11/2002,1,Finance,Garbolovo,49,Executive
265,Rhett,Panketh,131940.31,4/3/2011,5,Marketing,Karlskrona,55,Executive
266,Hesther,Gradley,130129.42,4/5/2016,2,HR,Kokar,26,Senior Level
267,Renata,Rounsivall,135647.45,3/29/2019,1,Sales,San Francisco,25,Mid Level
268,Ezechiel,Goldstone,134121.01,9/5/2005,2,Sales,Jocón,32,Senior Level
269,Kathi,Harrowsmith,95611.57,3/2/2020,3,Sales,Jawl al Majma‘,46,Senior Level
270,Clemente,Kornilov,105035.55,5/31/2005,2,Finance,Yambrasbamba,40,Executive
271,Lindsy,Sargeant,139424.17,1/23/2002,3,HR,Saldanha,40,Mid Level
272,Adorne,Spratling,61642.32,10/26/2019,4,Sales,Bendoroto,23,Senior Level
273,Earlie,Phipps,145385.15,11/21/2014,2,Marketing,Nangong,52,Executive
274,Joanie,Nickell,75869.32,10/4/2020,3,Marketing,Vilar do Monte,45,Entry Level
275,Sandy,Skinley,75634.7,8/7/2010,2,Finance,Sulęcin,24,Senior Level
276,Crystie,Duckfield,65183.86,7/10/2011,5,Sales,Staritsa,25,Entry Level
277,Derrick,Stockton,51797.05,6/26/2007,1,HR,Pöytyä,54,Executive
278,Nevin,Jeacop,82853.26,6/21/2014,5,IT,Västerås,48,Mid Level
279,Jilleen,Getch,95376.95,7/14/2016,4,Marketing,Staraya Mayna,27,Executive
280,Gerard,Bohlsen,87358.2,2/25/2004,2,IT,Kinmparana,49,Senior Level
281,Nathanil,Eldon,149148.1,10/5/2009,1,Finance,Las Varas,41,Entry Level
282,Jori,Fewlass,25230.24,8/1/2003,1,Sales,Sikonge,39,Entry Level
283,Ardene,Livermore,54463.13,3/8/2013,3,Finance,La Roche-sur-Yon,24,Entry Level
284,Stefanie,Sommerton,54943.75,3/21/2002,3,Marketing,Ucuncha,53,Entry Level
285,Adrian,Hucker,36805.45,12/12/2001,5,Marketing,Los Frentones,25,Entry Level
286,Mandel,Rudkin,112388.28,8/6/2000,1,Sales,Karasuk,39,Executive
287,Karel,Darkins,112623.19,1/5/2009,5,Finance,Bowen Island,33,Executive
288,Ulises,Eadmeades,122192.0,12/30/2020,3,Sales,Chitral,46,Mid Level
289,Barris,De Ath,81679.07,11/8/2007,5,Sales,Akora,45,Executive
290,Clay,De Giorgio,45769.08,5/5/2013,5,HR,Mastung,52,Senior Level
291,Stephannie,Levy,24339.72,3/7/2020,3,Sales,Radzanów,32,Entry Level
292,Anatole,Grim,64245.88,11/27/2021,5,Finance,Imeni Zhelyabova,50,Mid Level
293,Jarib,Grahl,90542.35,11/22/2022,4,HR,La Concordia,54,Entry Level
294,Bridgette,Mace,38138.12,6/3/2020,4,HR,Rače,42,Executive
295,Anastassia,Culley,93788.2,2/21/2016,5,HR,Pasirlimus,40,Executive
296,Kylie,Sherwood,90705.05,2/7/2018,4,Marketing,Daya,57,Mid Level
297,Jeff,Dunne,87261.45,8/24/2021,1,IT,Bellavista,56,Senior Level
298,Rosabelle,Dyers,138257.26,4/25/2022,3,IT,Brodek u Přerova,24,Senior Level
299,Madeline,Laffling,87477.69,1/6/2005,4,HR,Paranapanema,24,Senior Level
300,Vicky,Zeale,37846.82,6/20/2010,5,HR,Huangli,51,Senior Level
301,Della,Varcoe,60660.16,3/1/2003,2,IT,Jawl al Majma‘,38,Entry Level
302,Russell,Brissenden,68613.46,3/11/2012,4,Finance,Wuluhan,29,Executive
303,Andriana,Sagg,115700.07,9/21/2011,5,Marketing,Tongle,31,Entry Level
304,Bunni,MacCafferty,58555.43,12/21/2004,2,HR,Zhalinghu,26,Mid Level
305,Frieda,Trenholme,95000.97,10/15/2013,1,Marketing,Jiangjing,36,Entry Level
306,Krispin,Sindall,92464.33,3/25/2022,3,HR,San Luis Jilotepeque,47,Entry Level
307,Chickie,Drummond,38516.26,6/30/2008,4,Finance,Jablonec nad Nisou,18,Executive
308,Ceil,Gilbride,115953.98,3/18/2017,1,IT,Svatava,58,Senior Level
309,Gabbey,Crankshaw,50968.9,1/28/2022,1,Sales,Negotin,19,Executive
310,Lottie,Fearn,107685.98,1/16/2019,4,IT,Ramon’,54,Mid Level
311,Alonzo,Royal,124724.62,4/30/2018,2,Marketing,Curahnongko,31,Executive
312,Anton,Mallabon,69993.19,2/28/2011,1,Marketing,Puteran Kidul,47,Executive
313,Dionisio,Castiello,27438.62,2/18/2006,2,IT,Gentilly,58,Entry Level
314,Datha,Thornber,137086.28,10/20/2000,2,IT,Debar,34,Executive
315,Tan,Halfpenny,124839.85,8/28/2013,3,IT,Rennes,40,Mid Level
316,Stacie,Wase,141362.74,9/26/2016,5,Finance,Moba,47,Entry Level
317,Carmelita,Keunemann,24842.44,9/22/2001,4,Finance,San Vicente Centenario,31,Senior Level
318,Renard,Placstone,36625.62,9/20/2012,2,Marketing,Shalinskoye,44,Executive
319,Jayne,Lawey,52489.13,5/10/2008,4,Sales,Habiganj,35,Executive
320,Brunhilda,Delph,40367.77,5/13/2009,3,Sales,Fengjia,59,Mid Level
321,Tremaine,Cust,45639.17,7/10/2006,4,IT,Shuanghe,23,Senior Level
322,Falkner,Rimbault,85358.37,10/26/2013,5,Marketing,Cabarroguis,50,Mid Level
323,Joachim,Burgne,39439.2,12/4/2019,2,IT,Phoenix,46,Mid Level
324,Lionello,McKeran,60308.16,11/27/2006,3,IT,Figueiró dos Vinhos,50,Mid Level
325,Gayler,Pipkin,109330.62,11/6/2014,2,HR,Bandar Seri Begawan,20,Entry Level
326,Amelie,Dyer,58626.6,9/28/2006,5,HR,Baitang,43,Entry Level
327,Cheri,Methingam,116880.48,6/12/2018,1,HR,Hŭngju-dong,41,Entry Level
328,Wallace,Caig,81107.38,8/16/2005,4,Finance,Mitú,44,Senior Level
329,Hartwell,Andreasen,27523.6,1/15/2020,3,Finance,Fukuma,38,Entry Level
330,Kerby,Persence,57060.11,11/30/2012,1,Marketing,Huanan,47,Entry Level
331,Demetris,Eglese,129871.38,1/23/2005,3,Sales,Tursunzoda,28,Executive
332,Catlin,Fitch,94834.25,8/12/2019,3,Sales,La Virgen,27,Mid Level
333,Germana,Paradis,43017.77,4/24/2001,1,IT,Anwen,35,Senior Level
334,Janina,Piesold,21982.37,5/21/2001,3,Finance,Hirvensalmi,41,Senior Level
335,Yul,Grastye,79027.76,11/11/2017,1,Finance,Bemposta,33,Senior Level
336,Demetra,Philipp,125772.17,3/8/2002,5,Sales,Apitong,55,Mid Level
337,Jandy,Imlach,46765.21,8/20/2009,1,Marketing,Gaoxing,30,Senior Level
338,Randi,Sommerlin,111615.21,9/14/2019,5,HR,Brandsen,35,Executive
339,Florrie,Braxay,102501.43,7/30/2020,2,Marketing,Rengo,28,Mid Level
340,Amii,Keeley,48333.65,2/14/2018,3,Finance,Replot,51,Mid Level
341,Joana,Kinnin,129301.36,6/16/2019,5,Marketing,Lazaro Cardenas,48,Executive
342,Lenee,Doerrling,144512.35,8/31/2004,2,Sales,Trieste,33,Entry Level
343,Kliment,Shoveller,44463.97,12/25/2015,3,Marketing,Nakhon Si Thammarat,50,Senior Level
344,Gerda,Purcell,73035.87,7/11/2000,3,Sales,Mucumpiz,47,Executive
345,Caprice,Reddoch,49882.01,11/21/2020,2,IT,Topi,20,Executive
346,Veda,Seleway,31130.29,2/24/2019,3,Sales,Monastir,24,Entry Level
347,Harland,Postles,54944.59,4/7/2000,5,Marketing,Helixi,44,Mid Level
348,Sunny,Manger,126028.62,7/2/2000,1,Sales,Kinmparana,37,Entry Level
349,Amberly,Rojel,52484.62,1/10/2000,5,Finance,Waajid,36,Mid Level
350,Giovanna,Mudd,50661.75,10/17/2009,5,IT,Caseros,50,Senior Level
351,Luther,Shynn,140519.81,8/30/2012,4,Marketing,Zhouji,26,Executive
352,Werner,Bramah,115399.08,10/22/2002,4,IT,Honoria,32,Mid Level
353,Gorden,Fessby,110077.48,11/6/2002,4,Marketing,Bābol,55,Senior Level
354,Barth,Aimable,96127.54,6/17/2005,2,IT,La Guata,52,Executive
355,Gladi,Hatherleigh,109717.05,7/27/2001,5,HR,Baabda,23,Senior Level
356,Mathias,Shiliton,125160.57,6/22/2000,3,HR,Ifon,52,Senior Level
357,Kristel,Thridgould,100778.97,4/10/2005,5,Finance,Chŏngju,22,Mid Level
358,Lane,Feares,96574.1,10/15/2008,4,Finance,Moneague,37,Executive
359,Maureen,Pashe,52155.99,6/4/2011,3,IT,San Matías,48,Executive
360,Timoteo,Abson,107940.62,12/3/2020,1,Finance,Wailolong,44,Mid Level
361,Margalit,Elen,66126.54,4/2/2010,4,IT,Ron Phibun,45,Mid Level
362,Lorrie,Kimbrey,112369.02,7/10/2006,5,Finance,Nkandla,58,Executive
363,Brandyn,Marie,48532.48,7/24/2022,3,Finance,Escuintla,36,Senior Level
364,Silva,Peinton,106029.8,4/1/2018,1,IT,Haarlem,34,Executive
365,Karin,Opie,31714.37,3/9/2009,3,Sales,Los Guayos,44,Executive
366,Kristien,Hackinge,54019.72,1/11/2016,4,Marketing,Thới Bình,57,Executive
367,Karleen,Marsland,28248.15,5/7/2015,1,Marketing,Yokkaichi,32,Executive
368,Benedicta,Deverose,118526.1,4/8/2018,3,Marketing,‘Ibwayn,36,Mid Level
369,Alana,Sains,78558.54,2/9/2002,5,Marketing,Níkaia,28,Entry Level
370,Joletta,Hallihane,143562.9,11/30/2007,3,HR,Santo Aleixo,25,Mid Level
371,Benjie,Mullarkey,84552.19,5/19/2004,1,IT,Greater Napanee,55,Executive
372,Auroora,Egerton,148408.46,12/29/2010,2,IT,Zhuxi,41,Executive
373,Philis,Hardesty,34549.55,8/2/2009,1,IT,Neglasari,32,Entry Level
374,Dare,Hoodspeth,83745.04,10/1/2004,5,Marketing,Wangdain,49,Entry Level
375,Ringo,Harrowing,46511.66,6/1/2006,5,HR,Bazzāryah,42,Entry Level
376,Rona,Northover,63109.84,7/8/2014,2,IT,Ad Dīwānīyah,41,Entry Level
377,Meridel,Timlin,132241.18,2/18/2000,4,HR,Maevatanana,27,Senior Level
378,Ichabod,Piddlehinton,27362.88,8/31/2019,4,Finance,Tanjungbalai,38,Mid Level
379,Charisse,Giraudot,113276.52,6/9/2007,5,Marketing,Galis,20,Entry Level
380,Glennis,Birts,113187.75,6/5/2015,1,IT,Horní Jelení,55,Executive
381,Johnette,Gooderidge,60012.45,10/8/2019,5,Sales,Dem’yanovo,20,Mid Level
382,Berenice,Pawelec,48141.54,10/3/2021,1,Sales,Dārayyā,34,Entry Level
383,Bentlee,Grundy,103127.0,1/12/2000,4,Finance,Siso,37,Senior Level
384,Iago,Boice,77340.77,10/6/2004,4,Finance,Al Wajh,36,Executive
385,Inglebert,Simner,143969.56,3/8/2005,5,IT,Igang,38,Mid Level
386,Milena,Rickis,37671.52,11/5/2014,5,Finance,Charlotte Amalie,41,Senior Level
387,Celia,Laybourn,79691.3,7/28/2019,4,HR,Tashang,43,Executive
388,Tymon,Pessold,66697.49,3/27/2001,1,IT,Jiuxi,45,Mid Level
389,Geneva,Accombe,76491.78,5/5/2006,5,Finance,Charleroi,21,Executive
390,Gannie,Vyvyan,40236.03,11/29/2002,4,Marketing,Nieszawa,24,Executive
391,Nickolaus,Sholem,99416.86,6/7/2011,3,Finance,Bacalan,59,Executive
392,Luce,Smieton,85527.1,11/14/2007,4,Sales,Kassel,30,Entry Level
393,Agatha,Esche,84882.88,7/24/2021,3,Sales,Sława,30,Mid Level
394,Jamima,Janning,120179.82,4/2/2008,3,Sales,København,34,Entry Level
395,Romonda,Lygoe,122531.19,8/7/2020,2,IT,Shenwan,47,Entry Level
396,Zebedee,Spratley,77131.86,9/16/2017,5,IT,Xuebu,39,Entry Level
397,Jobi,Hartlebury,35113.91,2/18/2002,5,Marketing,Longtang,44,Entry Level
398,Paulette,Lambourne,105191.36,12/1/2018,5,Sales,Tohong,37,Executive
399,Brooks,Fouracre,31734.88,7/31/2014,1,Marketing,Zhuxi,57,Executive
400,Jodi,Lumby,116558.77,5/6/2020,4,HR,Jetis,42,Entry Level
401,Cynthy,Iori,50306.79,11/28/2003,5,IT,Labuan,34,Mid Level
402,Konstantine,Langdale,109602.49,5/18/2021,3,HR,Hengelo,19,Executive
403,Liuka,Jowitt,54436.87,8/10/2012,1,Marketing,Dugu,48,Entry Level
404,Florina,Myford,115225.42,6/23/2014,2,HR,Espinal,48,Executive
405,Winonah,Benion,126205.2,12/14/2017,2,IT,Sidowayah Lor,51,Executive
406,Zabrina,Mitchenson,98190.95,7/23/2008,1,HR,Trudobelikovskiy,22,Executive
407,Jolyn,Hurler,88877.11,11/4/2016,5,Sales,Jackson,24,Entry Level
408,Domeniga,Simeons,38305.05,4/15/2018,1,Sales,Maliuzui,52,Entry Level
409,Gardiner,Jaine,20301.5,1/18/2015,1,IT,Liuqu,32,Mid Level
410,Milly,Wiggett,55959.47,2/28/2011,1,IT,Metallostroy,44,Entry Level
411,Arda,Seebert,79044.58,12/3/2021,2,Finance,Siedlce,56,Senior Level
412,Darda,Stoak,98627.08,11/4/2003,2,Marketing,Venâncio Aires,23,Executive
413,Hercule,Gatley,40315.0,12/15/2003,1,IT,Dungloe,27,Senior Level
414,Jacqueline,Bloyes,27513.03,6/12/2001,1,Marketing,Dalheim,35,Entry Level
415,Clement,Crust,55300.26,4/19/2013,4,Marketing,Puyehue,53,Senior Level
416,Amalea,Keyho,145664.14,6/14/2019,5,Finance,Eleftheroúpolis,53,Executive
417,Shandy,Tudor,49300.09,2/28/2019,4,HR,Yangzhou,54,Mid Level
418,Rubi,Antliff,67864.13,5/13/2017,5,Sales,Lukou,28,Mid Level
419,Kathye,Bootman,49980.47,6/17/2017,4,Finance,Macia,30,Senior Level
420,Alon,Joan,96176.38,5/18/2008,4,Finance,Bukui,43,Mid Level
421,Alphonso,Ivashchenko,109573.99,9/20/2000,1,Sales,Niort,27,Entry Level
422,Licha,Pincked,97100.05,8/10/2009,2,Finance,Lete,56,Mid Level
423,Ranice,Unthank,47523.38,11/4/2015,2,Finance,Antalaha,41,Executive
424,Celia,Franciottoi,112035.01,5/8/2022,5,Sales,Cerquilho,53,Executive
425,Minnnie,Estevez,69551.89,11/26/2005,1,Sales,Tuen Mun,46,Mid Level
426,Cristi,Vicarey,98206.16,9/27/2001,5,Sales,Lívingston,21,Entry Level
427,Dulcie,Drynan,97178.29,5/4/2005,5,Finance,Ban Selaphum,36,Executive
428,Rory,Mettrick,113633.8,3/28/2018,5,Marketing,Tišina,22,Entry Level
429,Chelsea,Di Baudi,123943.22,5/14/2018,1,Sales,Xiejiatan,31,Mid Level
430,Arabela,Longfellow,61200.49,8/21/2000,3,Sales,Logroño,34,Mid Level
431,Oswell,Pirrie,116976.02,7/14/2000,2,Sales,Mata Grande,48,Executive
432,Merci,Beadon,47672.92,7/15/2004,4,IT,Yangqiaodian,56,Senior Level
433,Gayel,Pearde,113780.93,10/20/2003,4,Sales,Jiasi,47,Entry Level
434,Josh,Muldownie,38918.98,8/8/2021,2,Sales,Cajueiro,36,Entry Level
435,Bucky,Rist,119627.81,7/13/2000,4,HR,Oeleon,38,Entry Level
436,Bernelle,Scholard,29539.16,7/6/2007,2,Sales,Mlimba,55,Entry Level
437,Collen,Jeanenet,66112.29,12/14/2001,3,Sales,Saint Louis,45,Entry Level
438,Cinda,Giddons,87802.05,3/19/2021,2,IT,Morales,34,Senior Level
439,Chryste,Polden,91174.1,5/31/2011,4,Finance,Huanghua,19,Executive
440,Tracey,Eglington,149357.08,3/22/2007,5,IT,Thoen,57,Senior Level
441,Sibby,Bartlomiej,76128.29,7/27/2014,3,Finance,Mintang,18,Senior Level
442,Doria,Poleykett,76974.6,4/12/2015,1,HR,Sidi Qacem,52,Senior Level
443,Kendell,Blastock,22058.19,5/10/2004,2,Finance,Huilong,58,Entry Level
444,Mychal,Rospars,61082.52,8/31/2005,2,IT,Tanabe,60,Entry Level
445,Hobart,Giacomelli,57804.37,10/29/2002,4,Marketing,Cervantes,26,Senior Level
446,Barnabe,McGrath,49798.42,8/12/2002,3,Sales,Chating,52,Executive
447,Sybila,Leeb,44232.48,12/23/2019,4,Sales,Wukou,45,Entry Level
448,Gawen,MacKegg,62367.4,5/14/2014,3,Sales,Zhoukou,44,Mid Level
449,Gusta,Worner,113665.18,10/2/2000,4,HR,El Espino,20,Entry Level
450,Briano,McCoole,38011.05,11/20/2018,2,Finance,La Esperanza,32,Executive
451,Eric,Potteridge,145458.27,8/6/2022,3,Finance,Jiaxian Chengguanzhen,46,Mid Level
452,Steward,Elijahu,40768.48,5/8/2010,2,Marketing,Sohag,57,Senior Level
453,Weber,Pittwood,32163.45,10/2/2006,3,IT,Gayabaru,40,Mid Level
454,Rebeca,Sprigings,135512.4,3/23/2021,2,Marketing,Weepanapi,36,Executive
455,Vale,Farnsworth,89106.51,3/28/2000,4,Sales,Tibiri,27,Mid Level
456,Johna,Domokos,42402.51,4/23/2004,2,Finance,Tigbinan,53,Mid Level
457,Norbie,Lathbury,132975.64,5/7/2017,2,IT,Tha Mai,35,Executive
458,Kalle,Norledge,56999.6,6/6/2002,3,IT,Petaling Jaya,60,Senior Level
459,Hildegarde,Espadate,111465.36,12/5/2017,2,Finance,Phoenix,38,Entry Level
460,Olivia,Roelofsen,27200.45,5/9/2005,1,IT,Fier-Çifçi,60,Mid Level
461,Phineas,Gleasane,125846.56,12/5/2001,1,Marketing,Lichinga,26,Entry Level
462,Darsey,Tuxell,97277.88,6/6/2005,1,HR,Punta Cana,58,Senior Level
463,Koressa,Reiners,26024.92,6/19/2021,4,Marketing,Parikkala,26,Entry Level
464,Bartlett,Edds,88894.21,1/8/2020,1,Marketing,Nangkaruka,54,Mid Level
465,Klaus,Gillcrist,63200.8,3/23/2015,1,HR,Ajaccio,37,Mid Level
466,Thornton,Quartermain,72477.67,5/12/2010,1,Marketing,Igbeti,45,Mid Level
467,Paddie,Candey,25691.51,1/11/2010,4,IT,Quyangqiao,41,Executive
468,Pet,Brittin,51919.1,5/29/2004,1,Finance,Huanggexi,30,Mid Level
469,Bailey,Schlag,140856.28,7/28/2001,5,HR,Oyonnax,33,Entry Level
470,Denyse,Lung,24173.86,7/12/2006,3,HR,Shahrak,53,Executive
471,Frederic,Rowantree,52119.26,6/6/2008,4,IT,Aldergrove,21,Executive
472,Dorothee,Paradis,124782.14,2/17/2011,1,Sales,Saguing,49,Senior Level
473,Adiana,Viccars,100808.91,6/2/2013,1,Sales,Novopodrezkovo,48,Senior Level
474,Sasha,Hannent,128846.94,5/12/2020,2,Marketing,Liang,53,Entry Level
475,Georgy,Allard,143267.57,11/3/2006,4,Marketing,Mostovskoy,19,Entry Level
476,Jania,Rawlinson,49794.29,3/12/2000,5,Sales,Songmuping,26,Entry Level
477,Rosalind,Lyard,93757.92,11/11/2000,4,IT,Cha-am,38,Executive
478,Mitchel,Munsey,59084.19,9/28/2013,5,HR,Jermenovci,48,Entry Level
479,Deborah,Hatto,78518.12,4/25/2018,1,HR,Maştağa,38,Entry Level
480,Mariska,Quimby,35388.83,1/20/2010,3,Finance,Tombu,34,Entry Level
481,Reine,Alldread,45111.05,1/21/2017,4,Sales,Radymno,30,Senior Level
482,Richmound,Seavers,59883.07,12/10/2012,5,Sales,Nakama,38,Executive
483,Edy,Iddenden,24740.42,1/2/2001,4,IT,Gengwan,37,Mid Level
484,Caty,Gateshill,73118.48,4/2/2012,5,Marketing,Masoli,30,Mid Level
485,Aretha,Belsher,34789.97,2/17/2000,5,Sales,Tambac,58,Senior Level
486,Gare,Scotchbourouge,123699.5,8/29/2022,1,HR,Moscow,19,Entry Level
487,Laurie,Balshaw,102846.41,9/15/2006,3,Sales,Belgrade,32,Executive
488,Annalise,Filipyev,85615.4,1/8/2009,1,Marketing,Yershov,23,Mid Level
489,Erwin,Gypson,114455.79,1/31/2000,5,Finance,Acolla,31,Executive
490,Binny,Iowarch,135814.82,12/1/2014,3,Marketing,San Juan de Dios,59,Senior Level
491,Sterne,Thurnham,128370.47,9/24/2022,1,Sales,Kuala Terengganu,30,Entry Level
492,Phelia,Bettleson,46573.87,11/16/2019,3,Finance,Höshööt,54,Entry Level
493,Lyssa,Abrahamowitcz,37513.72,1/23/2014,5,IT,Jenggawah,57,Senior Level
494,Susette,MacHarg,42849.53,1/16/2015,5,Sales,Juigalpa,26,Senior Level
495,Ilysa,MacDonogh,54322.34,5/5/2012,3,HR,Belalcazar,54,Executive
496,Micki,Dedam,97674.1,6/20/2015,1,HR,Puyan,39,Entry Level
497,Irv,Brotherick,52301.97,2/4/2019,1,HR,Nowshahr,46,Mid Level
498,Ulrica,Davidavidovics,110119.35,1/18/2017,3,HR,Karamat,42,Senior Level
499,Leilah,Langham,48068.34,7/11/2013,4,Marketing,Lyon,39,Entry Level
500,Kayley,Allpress,112407.35,9/2/2009,2,IT,Bulungu,54,Executive